"id","year","value"
"SN",2015,1359700657.66406
"UG",2015,2270510148.41081
