"id","year","value"
"AF",2014,5.63271863489064
"AM",2016,93.3060237133976
"AO",2015,34.4577593454054
"BD",2015,7.71176246466071
"BF",2016,85.1987781260519
"BI",2017,192.313966310233
"BJ",2019,73.5084904003935
"BO",2015,2.2597813677798
"BT",2015,8.70322658089717
"BZ",2017,0.475764612996747
"CD",2019,128.538646267537
"CF",2015,49.5934285357501
"CG",2019,179.647471986899
"CI",2017,90.3440727832411
"CM",2019,71.0663675842898
"CV",2017,17.2706832425705
"DJ",2012,52.9673403569267
"EG",2019,1.20739907937493
"ET",2019,3.57769687656711
"FJ",2015,0.529059007195709
"FM",2013,0.224024024024024
"GE",2019,0.461696936912805
"GH",2019,0.851567627559287
"GM",2018,5.82792661909964
"GN",2017,909.038060132252
"GQ",2019,174.51721064326
"GT",2019,0.827294419609059
"GW",2016,46.462009430926
"GY",2018,42.1136460921981
"HN",2019,3.86557380096901
"HT",2015,6.50481298766556
"ID",2015,1871.64780792308
"IN",2015,11.3861979509245
"IQ",2018,267.407958936839
"KE",2019,13.0850343393306
"KG",2015,13.3025009757446
"KH",2014,665.202529859598
"KI",2019,0.399564591784763
"KM",2018,45.0419857072759
"LA",2014,1514.63644996404
"LK",2018,18.6519757968726
"LR",2016,0.167734169350858
"LS",2019,3.83553584446315
"MA",2019,1.94449632578038
"MD",2019,4.9719292523325
"MG",2019,270.13048473592
"MH",2018,0.190485795564356
"ML",2017,85.554706005357
"MM",2016,188.340851154243
"MN",2014,571.934505794212
"MR",2019,69.0239225489167
"MW",2016,94.0592774320207
"MZ",2015,6.78047983350099
"NE",2018,89.4431863185569
"NG",2016,16.9167705496222
"NP",2015,18.4231022313612
"PG",2015,0.532498337579357
"PH",2015,8.01342890576735
"PK",2013,12.66986599759
"PY",2019,734.168450878669
"RW",2018,97.6192356195428
"SB",2015,2.30410157940856
"SD",2019,1.38145285424427
"SL",2015,424.671163935243
"SN",2019,49.7328378430591
"SS",2015,0.742318447319748
"ST",2018,2440.89086827626
"SV",2019,0.142173095606626
"SY",2010,12.2841821086407
"SZ",2019,3.2689313244473
"TD",2013,82.5380256486691
"TG",2018,86.8798281167952
"TJ",2013,1.08544192068041
"TL",2018,0.584245472589094
"TO",2015,0.328079492052336
"TV",2016,0.548958425129239
"TZ",2018,258.033407200861
"UA",2019,3.56994042778344
"UG",2019,338.319260213608
"UZ",2017,576.944922153674
"VN",2015,3914.9174545099
"VU",2014,18.1042350028641
"WS",2015,0.596821851360518
"XK",2014,0.201757538362698
"ZM",2018,1.0658538118591
"ZW",2015,0.271152194528929
